21453472211278005260835954.12888515,388000000
21557262028293855890981016.63004099,388000000
21661237376408695336804696.28594801,387000000
21765674606487535281216261.45189814,386000000
21870991141988885876205627.1120226,386000000
21976464246244522262482491.41060203,385000000
22082752980028189071830915.10174827,385000000
22189271960135149946639223.58057354,384000000
22296262751979621791498750.04334198,383000000
22404117562179970846797711.04721878,383000000
22512169171030196431667857.04470831,382000000
22620697706907501990571953.74123516,381000000
22730143698253336104336725.21384472,381000000
22839748210077056644571958.55108635,380000000
22950206564071450767626238.64184615,380000000
23060897456187168417210436.41358897,379000000
23172075250699247136085098.83665498,378000000
23284166037617359007844761.03409912,378000000
23396445646126130994984892.69139445,377000000
23509217193441836123307700.62699252,376000000
23622966780170836468074015.87598887,376000000
23736855808285556812031792.64607805,375000000
23851659708760646053461626.09689001,375000000
23966676987884126009664615.0798822,374000000
24082196199005966761265942.72066407,373000000
24198702154540921129250734.05223017,373000000
24315365572348128027656657.82754391,372000000
24432952848547730530510910.55891986,372000000
24550771542810621697948036.58084287,371000000
24669102144017900589715437.78470186,370000000
24788436038008967638062891.76343726,370000000
24907938157797458781385032.58524663,369000000
25028381108023102072717827.49559966,369000000
25149066104494227193833352.47405582,368000000
25270272957127844697903800.50137227,367000000
25392508437778872615146951.33808553,367000000
25514914700167325427248637.52868938,366000000
25637847551217156104928194.02376546,365000000
25761905047033552250281898.48330884,365000000
25886054115424017867392743.89150519,364000000
26011266998227201674840674.31268176,364000000
26136643941433792172415208.99793999,363000000
26263023704974837639379432.2655147,363000000
26389640406749077951862874.40301203,362000000
26516798719736702910548016.7333116,361000000
26645067077811147484317839.76883171,361000000
26773482301774079490273521.43841277,360000000
26902947691817847113479183.73925813,360000000
27032631950353833489194191.96174903,359000000
27162867553790300979780258.03307783,358000000
27294271814222222107582780.76518685,358000000
27425793935149501523425113.28174032,357000000
27558426233189015860989082.39568834,357000000
27691247227495746662730217.25861206,356000000
27824629124287226206595028.24194638,355000000
27959252175331695836958400.4860407,355000000
28093950765526535259653425.18368075,354000000
28229833732650336170647917.30275699,354000000
28365861603852411908126086.81847104,353000000
28503017052155625652162248.71944515,353000000
28640386990663474647403082.77599805,352000000
28778332499421306953112644.43926408,351000000
28917552502344596577371142.80040936,351000000
29056858269472777803097954.4244336,350000000
29197383935759767411651784.90366841,350000000
29338062956391670209791433.21877094,349000000
29479907300319685492237017.0538901,349000000
29621972765719896409169702.58488476,348000000
29764628216345424265408635.21123474,347000000
29908614139563993896585150.59201388,347000000
30052674606681251943247533.66613394,346000000
30198013754469120034286539.64330791,346000000
30343492622092775856244147.88662048,345000000
30490198517385054626506417.60311168,345000000
30637109352429113219865199.02161515,344000000
30784624245041778936216342.91148318,343000000
30933552136547801972320251.40215328,343000000
31082517967001484387519912.63774479,342000000
31232848562418287378302229.75039116,342000000
31383279087274028094947759.22480017,341000000
31535026466494952900515540.41237163,341000000
31686935607223229654840937.37440274,340000000
31839462363942597025049706.0817779,339000000
31993515789090115068929542.48321678,339000000
32147540535724093998011248.68622853,338000000
32303048157576621855266405.62484705,338000000
32458585013510528713420361.57329959,337000000
32615561501289976110915347.61530627,337000000
32772624734212001350967797.54253858,336000000
32931084873988948885491841.0145585,336000000
33089688906111825133762453.33603371,335000000
33249647595546036395683132.3807643,335000000
33409807011138998059504975.07047616,334000000
33570607377695079198908258.60327702,333000000
33733008807174311434543829.74183413,333000000
33895384391915397719182201.10420514,332000000
34059324330393331605650859.87348568,332000000
34223289884843858011303904.8984905,331000000
34388783897650332051885932.65000854,331000000
34554354313678769927114280.47146937,330000000
34721418108908379323972752.70798045,330000000
34888608420973277570691736.94604739,329000000
35057257849722284726727054.3445691,329000000
35226083237158942898252963.19939533,328000000
35395571520761277180738763.85349493,327000000
35566810083106245124643553.64819722,327000000
35737953732189762728004028.56185132,326000000
35910820572721051135336129.32775226,326000000
36083634929330130579433384.98397623,325000000
36258146615575048968813449.35810894,325000000
36432647149870739742992806.60710433,324000000
36608820419566712581996565.56080727,324000000
36785022729355049250325232.31050337,323000000
36962874493607504478472349.71411403,323000000
37140794303571731770438072.40093056,322000000
37320341650325649102580112.31509816,322000000
37499994810929309758211558.52636723,321000000
37681255008776865972190442.47433271,321000000
37862657494807535856581253.19185831,320000000
38044752186547632134807090.35454043,319000000
38228815905876952880654863.83015873,319000000
38412680660175926147276063.37384989,318000000
38598503904377414888725682.46429257,318000000
38784154842586891700617554.16594869,317000000
38971755662345901861873793.22162586,317000000
39159209019625554703854741.83523834,316000000
39348605665783793620963023.2679942,316000000
39537877789378882250159286.55902163,315000000
39729088716753958490098829.55731459,315000000
39920196064120776114569659.53416669,314000000
40113239935398620494897086.28312337,314000000
40306199072193881933760881.58206623,313000000
40501094761870031261485996.34388156,313000000
40695922359822717130121396.52518599,312000000
40892688958167485172458440.04893747,312000000
41089401792852941831522528.42807546,311000000
41288058609876122321787511.28634068,311000000
41486673558411945674514906.49522943,310000000
41687240127805146456723885.61426029,310000000
41887774166486259308461928.86726684,309000000
42090270249525366439427837.27183001,309000000
42292740451411577068183282.11675142,308000000
42497186040808120767047821.51786167,308000000
42701609573271349524141473.68977131,307000000
42908024896969406888706194.47826547,307000000
43114419019199927489246998.00565551,306000000
43322824544124154666780352.1542915,306000000
43531206604586076799563918.53534994,305000000
43741623040355841661924232.37526233,305000000
43952010474172312889019453.41651108,304000000
44164458776805911345431397.18022254,304000000
44376869103044919333658296.88496252,303000000
44591370478685696699777067.97077553,303000000
44805821297508726804090436.39905616,302000000
45022397206210865770688376.6095321,302000000
45238906195839767671755847.30517383,301000000
45457578355455002462658327.6239713,301000000
45676163268907831471588414.0714635,300000000
45896953659115112881844955.5507832,300000000
46117632320659782779044431.97045167,299000000
46340563187177947445292535.16231488,299000000
46563353488453325895781577.40287922,298000000
46788447347472389632837816.61517213,298000000
47013367243229768727394585.42222105,297000000
47240646886090070083557575.85910824,297000000
47467714389513302848524427.54791669,296000000
47697202887654020022111384.08505756,296000000
47926436065223417684655593.06476799,295000000
48158156775413677500324211.90984015,295000000
48389573741286329094486194.42890262,294000000
48623550311143897855014253.48551339,294000000
48857169221030736013509695.45499183,293000000
49093425594825704124835147.49009924,293000000
49329264639352818239222598.74976689,292000000
49567825064087191933618887.61571951,292000000
49805902461635136695822384.80338524,291000000
50046791493384094086206593.83475239,291000000
50287125482403968450854511.74682201,290000000
50530367992900827280353725.18718575,290000000
50772976823709570881691280.59131849,289000000
51018598007154219554587248.82914767,289000000
51265105145728202779816456.86600965,289000000
51511525313283416756299745.95646328,288000000
51760444446540638791721077.90826285,288000000
52009194019010591511156428.19998842,287000000
52260550977878461615250706.02399103,287000000
52511648560257968392273154.62096104,286000000
52765469517072607462636941.10807095,286000000
53018933698407306542436893.82372172,285000000
53275245175654222337564285.12722063,285000000
53531094517188344157969239.23749212,284000000
53789923396231276224447975.24643622,284000000
54048176419182824666677339.72908198,283000000
54309549948965667572735731.58981154,283000000
54570225121930620159043961.46086323,282000000
54834170927645153434913994.4496477,282000000
55097286653624177196068897.85252699,281000000
55363832745342193296402030.74391213,281000000
55631335572066377298236141.36545545,281000000
55898582129649681933535992.69825296,280000000
56168721823454052256777790.04127245,280000000
56438466117481615907615625.75083427,279000000
56711271366039369736133510.89256458,279000000
56983532049425002971610597.33372042,278000000
57259031965796676341533020.23565035,278000000
57533827563627776112175651.26829857,277000000
57812051693943837954602562.7635734,277000000
58089400589206094910097594.47246911,276000000
58370378920383683974075676.83293272,276000000
58652363032229405398934015.75854406,276000000
58934062306668167257276004.28174001,275000000
59218839648299148006561078.55073039,275000000
59503150798460260427317540.33993005,274000000
59790752037481482084315807.81762103,274000000
60077693617469007842124950.73112532,273000000
60368149927503564846435970.98885861,273000000
60657740252833293918669465.35161443,272000000
60951083314751083702858244.80870307,272000000
61243340451929825964293139.88848355,271000000
61539602456627023155274308.21997011,271000000
61836921290763967387531842.34564055,271000000
62133757862958131157179272.26819146,270000000
62434037081096797809143661.05678073,270000000
62733600286519615322846845.74113281,269000000
63036872825060848336061958.6357055,269000000
63339180712718911072571954.48093432,268000000
63645480098755124063490765.67326714,268000000
63950550348459375625992654.68763132,267000000
64259910692335275324920380.16511861,267000000
64570371651655603229505449.81934209,267000000
64880216602167134783941100.15927599,266000000
65193782139125538158327134.84098548,266000000
65506450021015462678982703.28418812,265000000
65823155043805621992271273.03433833,265000000
66138663326626130352182010.75236011,264000000
66458543419828236850438585.8284473,264000000
66779559808450751596503787.594662,264000000
67100000474047531801202548.19166004,263000000
67424237585624046139280105.37538214,263000000
67747579559994087758904463.3994491,262000000
68075073759390396830178032.14367111,262000000
68401334168151213065232493.82725114,261000000
68732122610601311043133541.95874269,261000000
69064083901898767675704424.02348956,261000000
69395438500613334796864332.74338271,260000000
69730741731284478672309320.7650466,260000000
70065075873304255768624333.94757985,259000000
70403758994820498290305506.32089459,259000000
70741089249411212144273029.88791405,258000000
71083191124915617664024879.4932112,258000000
71426503442021761218834031.99012032,258000000
71769093546929265155501596.96375418,257000000
72115874309788397983340706.63751855,257000000
72461521692441991264353005.35458747,256000000
72811810632280918069194123.63693178,256000000
73160530999143104621559465.04052754,255000000
73514368867050122288253863.6820965,255000000
73869455814763913447076505.91503748,255000000
74223605370160636338759924.96166393,254000000
74582292873889344323625617.86716907,254000000
74939576420278425651004987.9126654,253000000
75301906232064029615766454.10663697,253000000
75662338223453242967564862.07409446,252000000
76028353192603934144074605.14407893,252000000
76395656763795204738786350.74098539,252000000
76761690864991332420403799.8517852,251000000
77132733144790390360583833.47904269,251000000
77501976194998790528252142.24324597,250000000
77876801213068175648615338.03139704,250000000
78252944660479240369152745.32912791,250000000
78627918894804690001283453.03278956,249000000
79007900566714526754996551.81321926,249000000
79386143836263188485643094.72579959,248000000
79770008958811257665602165.1739447,248000000
80155222706963195456757544.59386343,248000000
80539328554692782611159267.07144392,247000000
80928483234170473126497717.59587623,247000000
81315917648934418418166496.63267408,246000000
81709059725042331810214746.02190703,246000000
82099834174029640372016735.1462803,245000000
82497011643740508054540908.89620081,245000000
82895579930429978641238490.54065403,245000000
83292397862116605786300939.90660989,244000000
83695060826917836778743924.25378011,244000000
84095276763268325062013516.1594996,243000000
84502083943139458500439785.66649839,243000000
84910313710849746894675139.51570325,243000000
85316708632375279187042178.91076048,242000000
85729143805674297937676119.88117354,242000000
86138993620732138432775607.87834619,241000000
86555685396342515772682861.5572269,241000000
86973832080956175824573748.14611453,241000000
87389998192357199040616602.95927651,240000000
87812464585651845162117188.83476247,240000000
88232141131644623028574355.95579174,239000000
88658980235821089573270376.30500002,239000000
89087307127852269393089533.71731657,239000000
89513438940755896105651402.84161635,238000000
89946203578035066507542462.61291613,238000000
90380477211408998779112764.45803164,238000000
90813157049491185663930098.95468605,237000000
91251935602553297872973714.52884266,237000000
91688227464929473170571803.41062763,236000000
92131565724466427342877687.68432035,236000000
92576447172603446719526653.18411468,236000000
93019428777572635926492533.31988735,235000000
93468938945292736853997422.30370666,235000000
93915584485521653539808572.32759938,234000000
94369780469846073395186212.77281015,234000000
94825554375934779912067725.01542524,234000000
95279032627859952110773659.60304125,233000000
95739563239406181819243489.81891976,233000000
96196754710292431753791495.26316948,232000000
96662101649691867638241896.07076092,232000000
97129061650770307170489494.28212588,232000000
97593229894710253209063888.92996034,231000000
98065079074297367451893704.8701551,231000000
98538564123404331859711767.76994905,231000000
99009807274393303778485409.59789164,230000000
99488256449733236054210933.87947191,230000000
99963305664965774638989846.30639327,229000000
100446781295451623449318148.4994154,229000000
100931929372760547742333671.0753952,229000000
101414199191008561175927791.3808289,228000000
101904450563740312492577058.6142225,228000000
102396397502798764505654234.6566172,228000000
102885988619327204691952831.7549485,227000000
103383117888271510441719210.9925888,227000000
103876602602752228466874568.9824317,226000000
104378979684177432996220209.9148193,226000000
104883090323116283304584164.9519236,226000000
105384043092150190764821215.8545981,225000000
105893482447769151411896135.7500495,225000000
106404679206984103500829964.9085085,225000000
106913202792156155047374779.4528034,224000000
107429811353813376727139660.333514,224000000
107942309372975100021786812.7796028,223000000
108464399065516113612656665.8795826,223000000
108988285282239652548344379.9220631,223000000
109508501357171361395852351.9277086,222000000
110037953763352553635141259.4769971,222000000
110569227605289922849786821.3328932,222000000
111097266092505193288970081.7391299,221000000
111634193283369616420276408.9702144,221000000
112166278328045995201927408.0745243,220000000
112708932868564998016187130.813653,220000000
113253448629456256126158569.5709719,220000000
113793503097953878353951723.7717229,219000000
114343835608073404091044143.1543226,219000000
114896055472770277578163299.5638595,219000000
115444184893877817934003453.3244528,218000000
116002312924415066030324858.8758946,218000000
116562354214358444614251521.3423926,218000000
117118665182415583064863600.1022944,217000000
117684708179516843297981745.1290723,217000000
118252690049315854924393640.9614822,217000000
118817290188460277091282659.5762952,216000000
119391369541849666083247849.2818562,216000000
119960153843331714139803557.9881692,215000000
120540410948459230554101598.0420149,215000000
121122650044241051294675035.2866997,215000000
121699868420503362403769218.0328338,214000000
122288383362860581016792633.497709,214000000
122878907641094027776829376.353449,214000000
123464667921155420563034405.6149417,213000000
124061568247411633840664162.4687898,213000000
124660505264506005249996364.9702559,213000000
125254915955701903301621119.8287999,212000000
125860331382934356136913025.8383909,212000000
126467810878677519777726267.4361572,212000000
127070981088604786446562761.4857729,211000000
127685043563173763217696253.1846033,211000000
128301197531908168248269292.5123592,211000000
128913236881580459242975168.8363557,210000000
129536080640299519189153044.6024408,210000000
130152438222586733526400299.6857164,209000000
130782061934483240820410355.2183788,209000000
131413823567644591628382227.1493883,209000000
132039188586308233793436727.2983726,208000000
132677839923555766932976062.5205026,208000000
133318658439290846954669283.8623325,208000000
133953139426980095531620455.0141939,207000000
134600959636747000875991168.5951401,207000000
135250976526161145477007028.5921316,207000000
135894682157588060495740849.911127,206000000
136551815005815557759024018.9374951,206000000
137211174308348186684324047.0967485,206000000
137864213299585633434985771.517469,205000000
138530805134956019616745545.1769215,205000000
139199653503494918668950521.0266977,205000000
139862134506657884208698561.4410138,204000000
140538334325704844384572853.8979623,204000000
141216821091128057994404357.8292682,204000000
141888852584553627938745196.0895302,203000000
142574812097895454829365494.323061,203000000
143263089332920061129423527.315024,203000000
143944779506668015959353657.1574198,202000000
144640653206434164348840009.7012272,202000000
145338875788899619853307270.9333684,202000000
146030332425039075465053053.687183,201000000
146736277653655527390765229.2512922,201000000
147444603329632544669075881.6912898,201000000
148145933676395505532442344.5013876,200000000
148862110696984830451539735.2806054,200000000
149580700144345505205798440.031985,200000000
150292010782858706236379042.1921024,199000000
151018582851586283229214532.7946036,199000000
151747599744864379846361580.2336214,199000000
152468996446860059963542121.3951804,198000000
153206129887609962690290920.2906598,198000000
153945740965095607298931101.427676,198000000
154677328539786175896383628.4807404,197000000
155425192821572823012931761.5182664,197000000
156175567955608957906723555.902759,197000000
156917450083812057263646642.6134034,196000000
157676217901324743504009330.2270275,196000000
158437530172703616896838158.611156,196000000
159189809226327220996935890.0554128,195000000
159959656583965835551563322.0724484,195000000
160732082361176286904632451.2289681,195000000
161494859206304989774429799.3356996,194000000
162275965506001798689924711.3827945,194000000
163059684529875995788873331.5028836,194000000
163833058311912509511853503.0070239,193000000
164625606444954418150471729.6269902,193000000
165420801919034638214811753.9777473,193000000
166204869828610024291603712.1135938,192000000
167009046271586901789256732.4604256,192000000
167815904958306842702341367.7617582,192000000
168625458097051405988942297.0322673,192000000
169426756891859259330817423.6173216,191000000
170245469214433034640170150.9014566,191000000
171066912871354032796574698.8758653,191000000
171879215177696181857461435.0366153,190000000
172709975327446783274037372.0563569,190000000
173543503877114003859998167.4092315,190000000
174366902885626462052079381.3572744,189000000
175209908934371069574611297.9340135,189000000
176055720584989330176297912.3762444,189000000
176890306562335786575356573.1408018,188000000
177745760579377698733149978.0450602,188000000
178604057501620434032176266.0469584,188000000
179449917436160463330299192.7734422,187000000
180318025609411194278092846.2565684,187000000
181189014069431086330892335.872832,187000000
182062894063333065422524885.1071471,187000000
182927204054297121289372094.833483,186000000
183811094549941174475757604.1836309,186000000
184697916905355022892046079.1731822,186000000
185573800490361400057435964.9544688,185000000
186470807889815205776763988.3934956,185000000
187370787167277130266691913.5852194,185000000
188258323886580456718353083.9834994,184000000
189168667568854215777975769.8882149,184000000
190082022869666537769172478.6078822,184000000
190981287432262271050068672.0328885,183000000
191905191429095676058627162.6911692,183000000
192832146549679045913374189.6993895,183000000
193762164558504358788564594.8573328,183000000
194680901484124788112013402.0559477,182000000
195621685068397047495438900.8638485,182000000
196565574497578866460372075.1009853,182000000
197496323707628189082322334.2480241,181000000
198451169397851183946024439.3622124,181000000
199409163077669781394045383.097947,181000000
200351987800142671549024642.1992014,180000000
201321134386684698499342499.8254775,180000000
202293470465555879311983085.7438441,180000000
203269007239578046695180673.4282648,180000000
204232118503300218373333748.150537,179000000
205219040583982858829420786.1178741,179000000
206209208842427326938363272.9855343,179000000
207184663555226001984569204.9038522,178000000
208186420831867334213483000.5784596,178000000
209191468402693426183641393.8549636,178000000
210179314383347881436638664.7298878,177000000
211196161779832742924432871.8546788,177000000
212216342570458030366009065.2414754,177000000
213239869680935838752316976.615586,177000000
214248816839447956422826558.2781797,176000000
215284390917811995552662633.5410992,176000000
216323358349586214746937361.8653669,176000000
217344941904514826721314800.305979,175000000
218396175595747884636272051.2516837,175000000
219450847962272128558097727.0140278,175000000
220508969602997061442906287.142303,175000000
221552260957922812215811944.2169464,174000000
222622909750787828367116373.7335624,174000000
223697057817793241674321059.8015554,174000000
224753213150468397904351974.873818,173000000
225840116748259735669355681.7196664,173000000
226930567113978227296094202.8986055,173000000
228024573426131679278927258.1031785,173000000
229103043382620942058598689.9976071,172000000
230210079654716988174285751.7249775,172000000
231320724550910818024867664.2792456,172000000
232412265022306729778957024.4489824,171000000
233536178412445074384488349.7239075,171000000
234663749824407804868907219.1510618,171000000
235794988285379649489690584.6557593,171000000
236909446755887428155349933.3213941,170000000
238054241294576824854344269.2590432,170000000
239202757620075166622680290.6501461,170000000
240330467962633148205372471.1959651,169000000
241492790606499102674039598.2478146,169000000
242658885888031093402169899.0128107,169000000
243828764066855197523906915.9539585,169000000
244979988606148516443312216.4869443,168000000
246163973557079606165263981.9642092,168000000
247351797373474575352547710.647206,168000000
248516424828462883079530315.8130886,167000000
249718619282233553460219025.1390283,167000000
250924704365799889246449829.4587359,167000000
252134692787804673369615253.581927,167000000
253323419535198273867673535.0677209,166000000
254548091983146006132885124.8112426,166000000
255776724112218596381583286.386979,166000000
256978968066906948731298397.1980745,165000000
258222563782020976601535427.0381951,165000000
259470171349152111615614044.0188758,165000000
260721806759491705514086103.2190894,165000000
261948719576179519498038645.3824616,164000000
263215645459895955434246801.1476294,164000000
264486655206686785428157447.6138377,164000000
265761759733562950439475246.0696802,164000000
267013752323795934032878660.5635109,163000000
268304485863691970311441045.5059807,163000000
269599375111417728636391057.8050797,163000000
270865092349407603674105268.7343847,162000000
272175910777891504423318151.4638569,162000000
273490940195323243073694778.9078744,162000000
274810196892930696289275896.1150618,162000000
276101535091930048137882846.166964,161000000
277437073438673771623754708.3883607,161000000
278776898058856730687907721.4275365,161000000
280121021196134946815544426.0124484,161000000
281438384569536561192256978.3916081,160000000
282799153288795018352289683.1198026,160000000
284164283942286677790914077.4318772,160000000
285533784012485312839556934.6337579,160000000
286877576787077552910972031.2924086,159000000
288264098224675186033062891.8206194,159000000
289655057679587628863094553.1320098,159000000
291012772081257278639858269.2733303,158000000
292421082655464898566986115.9640325,158000000
293833891463324268320826188.8213283,158000000
295251214885690246912293089.5292605,158000000
296635843000782921621127943.7495263,157000000
298070908348327574398807191.6465386,157000000
299510551918831399207099443.3619825,157000000
300954787356364878711214115.4921941,157000000
302366715861933708330893668.1102131,156000000
303829095625534336548535012.037995,156000000
305296134542552782189074379.7471541,156000000
306767843424855674759656974.0082999,156000000
308207454757971244825591493.7227097,155000000
309697722118446244359196838.93981,155000000
311192730621195801658482115.2256204,155000000
312692488267671837725479142.5198711,155000000
314160159439722663711691060.2694984,154000000
315678901571814388810688123.2082739,154000000
317202468027469348683475248.4284292,154000000
318730864153307908058240547.742565,154000000
320226965496961738991963647.6572304,153000000
321774784037382282344383402.0912167,153000000
323327511418689418471424633.8677508,153000000
324837508794677169753686069.9469879,152000000
326410044487821916230693538.4996298,152000000
327987556014420158775048944.1349998,152000000
329570062379554199642023246.6273876,152000000
331108831490115211799852597.7123753,151000000
332711604010811922696196604.7105557,151000000
334319440532516608155658470.2216868,151000000
335932359506025335517259392.4732805,151000000
337500231869321454257435911.6867981,150000000
339133887713726614174061336.0723773,150000000
340772697171877503569862561.1939724,150000000
342416678427630500509112273.6015101,150000000
344013973184275052363857049.2281789,149000000
345679175233321271976895912.0035858,149000000
347349622016039654849353168.1723956,149000000
349025331765320368144591853.995123,149000000
350652353996355632525018114.2687773,148000000
352349782059014948512076940.8605312,148000000
354052547531236961291851798.9326708,148000000
355760669021141163752139634.7840999,148000000
357417707936202046640388844.227908,147000000
359148059313097783102018203.9006557,147000000
360883842365650411716461223.0765111,147000000
362625076394425635228819101.4999134,147000000
364371762441753168132743280.9082729,147000000
366076393438953613274003762.0341779,146000000
367845911060476394593883064.1879939,146000000
369620976517105243036789636.2698565,146000000
371401592837251451891848922.491558,146000000
373137205787710485850293912.9909189,145000000
374941193663253755834569123.6757306,145000000
376750828098356728902432254.0486422,145000000
378566114611364768479595389.6345999,145000000
380332952092550773233248599.6852667,144000000
382172165232318214482373961.6005152,144000000
384017125466409974044876799.7722647,144000000
385867841183333469750102936.8768696,144000000
387666121818706977493907609.5399401,143000000
389541335219721766474012576.1502973,143000000
391422397993220533336899826.640974,143000000
393309321645946425422488041.3935302,143000000
395139237375989982449256183.752135,142000000
397051246718558176009032868.7142268,142000000
398969209386017782206228724.9731288,142000000
400893140121168853409294104.569962,142000000
402754853179579570607768573.1197722,141000000
404704475559426637279096247.4953806,141000000
406660156828531673549133706.2054265,141000000
408621914963552395529539364.3623231,141000000
410589747641669075076658095.142495,141000000
412503629239752919023317996.0062883,140000000
414497869953926910869494522.4257863,140000000
416498297790534338170079900.570462,140000000
418504916852126600373129123.1988257,140000000
420451345668841850797397153.361787,139000000
422485009631012290765657626.5410534,139000000
424524972319435043793217682.7956539,139000000
426571243772096345523046657.4228768,139000000
428550291710803393469997758.7100613,138000000
430624266544996554180628175.5853767,138000000
432704652991726637403333276.3173143,138000000
434791466441502582284951281.2411965,138000000
436803161506813482845155349.7945489,137000000
438918359553789829535852040.7956161,137000000
441040083365690069836936401.7786127,137000000
443168353051333627659381958.4033642,137000000
445303170453464761520037259.1077642,137000000
447370033800491730911473441.9110361,136000000
449534034258746940498612978.5102751,136000000
451704700107128717557631013.4377327,136000000
453882041350900615867927284.447062,136000000
455982058562192408764489724.5640592,135000000
458189301620499517672537478.065121,135000000
460403330315908800910548873.2270387,135000000
462624161438641728720298570.1989723,135000000
464851790034329223175410012.7552322,135000000
467008704116862246771981162.3765727,134000000
469267090179366135272212436.6411098,134000000
471532405332228355240441685.3221781,134000000
473804655739444937549391868.9296197,134000000
475995080404683085011867535.1299118,133000000
478298847274523335908661008.2632266,133000000
480609669861134853339404792.4997057,133000000
482927563082463805494924500.3193172,133000000
485252518245790467109601280.1285075,133000000
487501487201238743251560455.808863,132000000
489858871004136530640109179.6300481,132000000
492223459199001134796283484.0758135,132000000
494595256653506201346896947.7717958,132000000
496877910173998951274463652.7036266,131000000
499282940472567093182403294.9007876,131000000
501695308033774883644171198.1565796,131000000
504115027890095601815736579.8728881,131000000
506542091683403980923576756.9042318,131000000
508884821916327699454773004.9390917,130000000
511346086541773871864567044.4317759,130000000
513814843676591225544412299.8044387,130000000
516291099827642716160555614.1160836,130000000
518667466725343217084875431.6923366,129000000
521178780490053718994817021.5842828,129000000
523697725393805718968088376.2940928,129000000
526224318608622821632983146.405696,129000000
528758556118028527768377722.2206733,129000000
531196379828448897267263506.9963571,128000000
533766699510174886687861716.8346746,128000000
536344813182542152274114087.9357592,128000000
538930731556796082986993820.0681553,128000000
541401873596155636992579597.3200634,127000000
544024792533745119473888695.18908,127000000
546655649243983548444711164.6899866,127000000
549294464594820877584044012.0711923,127000000
551941241843842162038647130.2139705,127000000
554475025455608099386162621.1154018,126000000
557159887639768051391328616.3458223,126000000
559852858651952092542329223.6414433,126000000
562553955021472111983112267.437111,126000000
565263171725713200261970226.4716597,126000000
567860578388024517750438513.7862146,125000000
570609006458878437524193428.1875057,125000000
573365717198136181238032339.6418337,125000000
576130722480378598867574724.7871862,125000000
578904008448817711981083389.9197868,125000000
581565983758385509984521998.081198,124000000
584379650258000172948415213.579712,124000000
587201776381692798434435636.4628624,124000000
590032369234609130584172613.4813625,124000000
592726842259589392877046349.0790012,123000000
595598851928032915973403238.7131546,123000000
598479481388029175396672598.9480968,123000000
601368750940741255156788281.2567672,123000000
604266663050760098480585919.8737565,123000000
607026388380857422860909320.5559288,122000000
609966952948716812277709606.6248873,122000000
612916324055155178677099450.2372115,122000000
615874519681384665452996210.0298557,122000000
618841538048944941363673601.744042,122000000
621667266412430963287306970.3250313,121000000
624678216858015212710439360.0022272,121000000
627698164686913487250450356.4708574,121000000
630727125887579903059981747.7681717,121000000
633765095105277029210483344.450695,121000000
636657507853589913690515468.6259819,120000000
639740733524857831561951087.6806204,120000000
642833151845138943100884466.2393996,120000000
645934777270375951389384626.7016156,120000000
649045601777622812947580443.6496828,120000000
652005300990375917326036950.2175695,119000000
655162751990570473385106404.9775113,119000000
658329595636194515249292260.1924523,119000000
661505845416071508544680910.2744455,119000000
664691491732215293426236172.1119254,119000000
667718989581357781709527097.2806298,118000000
670952679246181108903608333.3340776,118000000
674195966564951752313911693.3285633,118000000
677448864690300312835022217.4004148,118000000
680711363648705632185393174.4128355,118000000
683807070905575854528411623.6389154,117000000
687119078380275591909882922.9708666,117000000
690440893772319272849519006.8476887,117000000
693772530547702986287106904.6857244,117000000
697113979571952257134762081.4720124,117000000
700278193096023949672142231.8972001,116000000
703670666023279471770524065.4315088,116000000
707073162586423905111508681.5499628,116000000
710485697184444456282520397.5344126,116000000
713908262660195627919342936.4812882,116000000
717141151672911063942985598.3663085,115000000
720616309003784304331218754.6876171,115000000
724101711305179005635253479.8371041,115000000
727597374454280751566107351.9635113,115000000
731103294253695860362975886.9054998,115000000
734404885180653277779227435.900399,114000000
737965020120813221124438198.0235757,114000000
741535627113734453905191266.3093044,114000000
745116723949949662084485472.5135939,114000000
748708310159622187520605828.0567666,114000000
752310352221036499995838733.6761503,114000000
755725952923282907746405876.1080269,113000000
759384141025251583135636947.3829105,113000000
763053054132470660352481832.2717015,113000000
766732696022445621977380872.5676066,113000000
770423041369200216746072344.6617084,113000000
773908395374949360211620191.1850107,112000000
777656621718604119641166728.0704243,112000000
781415814373311345548858009.9377725,112000000
785185981627580409603796214.5986077,112000000
788967106698397912321152956.7703167,112000000
792521762270298641142957324.2401084,111000000
796362568132707533262078745.1247355,111000000
800214587759384676039037383.602522,111000000
804077833970841229597696429.9892669,111000000
807952298448051788727002962.3089181,111000000
811837935073969005838307603.4750605,111000000
815511600664542234514410367.6938792,110000000
819459082498668227976097846.0308069,110000000
823418048916797020960382853.7224549,110000000
827388499634950885659236583.0635291,110000000
831370403565382858117362729.9229047,110000000
835113450806468538975744445.6192096,109000000
839159121754330084402960849.2570455,109000000
843216541263421494651456004.0563413,109000000
847285716391200459441717074.0943317,109000000
851366629555495618579569903.6738644,109000000
855177949047739942434414411.6937034,108000000
859324631726632050802737684.0740321,108000000
863483333026287491975638579.3458817,108000000
867654066470333244117195712.9654599,108000000
871836826248701568561958404.5192852,108000000
876031572709287130435081380.2445209,108000000
879965627793500675539427268.3518817,107000000
884228539750943008983506154.1011692,107000000
888503765733308871376671244.1864802,107000000
892791309892210466447968770.2211413,107000000
897091150650214709152596447.5175049,107000000
901092198511610837860401298.109112,106000000
905462354655695090460962861.750489,106000000
909845112422920726387688678.9798069,106000000
914240484135790713576573543.6487869,106000000
918648462886141766800575439.3649501,106000000
923069008501800836632768512.6434608,106000000
927195030398145615025659371.0835092,105000000
931688469027067603517166970.1514813,105000000
936194821943073220650253968.8628999,105000000
940714093851852770451316191.0889726,105000000
945246265337719010715741274.1816379,105000000
949791275170051740038232958.4580308,105000000
954044241519128210037405934.9765978,104000000
958664844855174556392141728.8982778,104000000
963298681886266685349165059.8638632,104000000
967945749033072535222038761.3528297,104000000
972606013357187347403380313.7878412,104000000
976922855748247498128000445.3431507,103000000
981661099387363037774725604.5850147,103000000
986412895568916977161142833.9765553,103000000
991178252511770703521739712.7376405,103000000
995957158057885658075618535.5790863,103000000
1000749565361668920088528150.483537,103000000
1005194130317858765322783245.093941,102000000
1010067406956177542908035507.009127,102000000
1014954577364653730526642848.413643,102000000
1019855644376841036914002574.96647,102000000
1024770587428337820544979376.079646,102000000
1029699346181649467483181520.367291,102000000
1034272861450645461979229103.249649,101000000
1039285503656219051967741243.197211,101000000
1044312390563667453333803113.205291,101000000
1049353519961178823438623043.146156,101000000
1054408863569244292334650733.965991,101000000
1059478348872505956933217222.517374,101000000
1064181756087687630386856123.252654,100000000
1069338264232067758239986972.784446,100000000
1074509378742194981691429567.309958,100000000
1079695093013183187076991051.531203,100000000
1084895372257147666792107648.587572,100000000
1090110133986176409671848568.593165,100000000
1094944044593162575580992612.752384,99000000
1100249095053138762964783155.112851,99000000
1105569125323120014722973562.069264,99000000
1110904125332047924235396477.639206,99000000
1116254055436807456984726739.010092,99000000
1121618826140577584496738351.693169,99000000
1126583473843725345249800246.470189,98000000
1132041927546149643258410532.833272,98000000
1137515747298463876846948095.144501,98000000
1143004920691882479928436180.423571,98000000
1148509405196425885894610609.536721,98000000
1154029107778507562197359058.969937,98000000
1159124297025497125399755070.222339,97000000
1164741208359113814278631489.617576,97000000
1170373885717632548810189067.215401,97000000
1176022315584568634516337237.006621,97000000
1181686454650535153672667709.118199,97000000
1187366209996798253875050883.455202,97000000
1192591259684117668646731247.51032,96000000
1198371885816386524850844817.488805,96000000
1204168692523557143267690988.88991,96000000
1209981666400148046613395724.207712,96000000
1215810765410224757298180048.861866,96000000
1221655900230613469156614634.394723,96000000
1227009581513272703735272919.307482,95000000
1232959392159741752318791072.307756,95000000
1238925813246519098824090968.89378,95000000
1244908832576932953144299727.15829,95000000
1250908411206098952395086092.021679,95000000
1256924466405689795285343014.847691,95000000
1262404933296783995809386872.457612,94000000
1268529620993144742828486267.09038,94000000
1274671364976667065145333923.021908,94000000
1280830155145010233235111773.495986,94000000
1287005957085021131665174787.659231,94000000
1293198696957820941202561749.530948,94000000
1298803408340515391035646407.63037,93000000
1305108899262070476005212266.210637,93000000
1311431908937036695117866580.467273,93000000
1317772429967706635835933932.457156,93000000
1324130433449414147992142762.338106,93000000
1330505855909294980964026916.977011,93000000
1336898577352626593444133034.27157,93000000
1342723953006027460468899287.686763,92000000
1349234416876201475290917237.058563,92000000
1355762874867695586487395345.552434,92000000
1362309304068120273618136142.842207,92000000
1368873652022463121108428033.544959,92000000
1375455818626035787450057356.859872,92000000
1381401866029121381236298207.456412,91000000
1388106230399173611654611839.933823,91000000
1394829089716174094848274657.335425,91000000
1401570427072544532329983699.146564,91000000
1408330200935811456443333297.867228,91000000
1415108330538847963799701657.47086,91000000
1421170030540433086962219686.690708,90000000
1428075012259818201043054586.419594,90000000
1434999008468002894995336387.651193,90000000
1441942007862266337380553993.680277,90000000
1448903979120840073386586764.320849,90000000
1455884859337934648815488690.659774,90000000
1462884535163610772290004537.128997,90000000
1469168688547852838612726644.947892,89000000
1476300842040929764087227448.292104,89000000
1483452542773415058849052129.525407,89000000
1490623768458887012742667927.5866,89000000
1497814471949964328475050317.190786,89000000
1505024566952880387244036496.874635,89000000
1512253904408910381636516063.447829,89000000
1518763010857873989288185339.683591,88000000
1526130752300010693882148662.791446,88000000
1533518590203813469152649645.662971,88000000
1540926490715351605276447321.191641,88000000
1548354390181800596159838937.662478,88000000
1555802178056902705348169556.325608,88000000
1562414065791687747480790485.546148,87000000
1570005502592795562434622391.146863,87000000
1577617627052465140305432136.558269,87000000
1585250415996150100602507857.874177,87000000
1592903824026671916353028036.11941,87000000
1600577771248745650752704054.658565,87000000
1608272123506154367971032513.062014,87000000
1615105713884397558907265308.779516,86000000
1622950131981004206662654215.94817,86000000
1630815835355128158899668094.267224,86000000
1638702792720299329209214091.129516,86000000
1646610947844392056111754295.251162,86000000
1654540205916177922883355366.684135,86000000
1662490411523601707173222135.38338,86000000
1669545322419139429626554434.444458,85000000
1677652317913471563199973732.102528,85000000
1685781219920255606528712511.734145,85000000
1693931989814390920675515212.214222,85000000
1702104561914438197989881882.706751,85000000
1710298828866823622761657127.801021,85000000
1718514618034911340419370418.732222,85000000
1725789292377733728263064080.375437,84000000
1734168906642086162563624765.708106,84000000
1742571074844346484998890269.513831,84000000
1750995752182008070062544967.793357,84000000
1759442865484793968741210125.954371,84000000
1767912298101805643583254370.496104,84000000
1776403865567038772563875431.356436,84000000
1783895391129577400545021616.96435,83000000
1792558135867979409961877968.832349,83000000
1801244110754995400183094974.378679,83000000
1809953266241834000350406293.235417,83000000
1818685524013821955617496780.398719,83000000
1827440761919709594282852885.445095,83000000
1836218789864367644014690682.835347,83000000
1843922700716157151965479545.843731,82000000
1852879584249049601843802029.556517,82000000
1861860405467718428102478831.488427,82000000
1870865111619582432495967857.45556,82000000
1879893621723260852263356387.106972,82000000
1888945812065990241390505049.484037,82000000
1898021493228864636639496072.105005,82000000
1905931549204858314626051606.446011,81000000
1915194104076476605212973260.603504,81000000
1924481337956029373526027652.924684,81000000
1933793196367057093772763131.643517,81000000
1943129598004769721457366197.448108,81000000
1952490421251638619962187546.00475,81000000
1961875483079196588824662025.911039,81000000
1969983422499739355552630343.758481,80000000
1979563734525810113587019543.245784,80000000
1989169503068511026686886303.279607,80000000
1998800673183177639451956555.271955,80000000
2008457165211356242248541764.644574,80000000
2018138862644559160492586999.175442,80000000
2027845593411257748449260241.103194,80000000
2036140853617690568738677990.436106,79000000
2046051592484855214529280588.993377,79000000
2055988603987974314343982625.153511,79000000
2065951833619701764855341051.24192,79000000
2075941204789097507482453568.660947,79000000
2085956608224861895353327213.316387,79000000
2095997885899678893369424752.010714,79000000
2106064805815029401241386409.574285,79000000
2114721737511327313166821841.044078,78000000
2125003318942204995055545501.498285,78000000
2135311976717268808185159940.915672,78000000
2145647638092975578106188504.378588,78000000
2156010202174381459003093219.079599,78000000
2166399526497954680939362161.501433,78000000
2176815406427220945529555381.544914,78000000
2185639006993970950957626173.767343,77000000
2196279138167377209912400739.462574,77000000
2206947247971880040979458795.413474,77000000
2217643267638881042295539782.700823,77000000
2228367104824841347900023368.079811,77000000
2239118632697231103168596922.299152,77000000
2249897673532210730919069277.204218,77000000
2260703973267277354719228578.85543,77000000
2269882166611861131886388071.256266,76000000
2280924444001631161959970974.847239,76000000
2291995584001211939187200028.463744,76000000
2303095502149624396475232431.399707,76000000
2314224086109206539264222321.131287,76000000
2325381182898604352836760135.431005,76000000
2336566579595622112825340435.56898,76000000
2347779973174240188711764180.957168,76000000
2357310777773986848839346454.594882,75000000
2368772533071012169046305715.726958,75000000
2380264075332036167985680721.674395,75000000
2391785304683519288120738753.629945,75000000
2403336089546340716183968132.13703,75000000
2414916252264862465556593879.43037,75000000
2426525547319999375720452631.256367,75000000
2436173598755362105392182161.309201,74000000
2448042237920510503877562645.814235,74000000
2459941724530570438334132954.828298,74000000
2471871968559928347849690010.446377,74000000
2483832855821205056763771507.366887,74000000
2495824237421021529853904456.10986,74000000
2507845914221193157300782598.597823,74000000
2519897613282975147301904668.056949,74000000
2529872669045443694062459614.404588,73000000
2542197240537823330766713481.117959,73000000
